data;ibm
03/01/2006;82.06
04/01/2006;81.95
05/01/2006;82.5
06/01/2006;84.95
09/01/2006;83.73
10/01/2006;84.07
11/01/2006;84.17
12/01/2006;83.57
13/01/2006;83.17
17/01/2006;83
18/01/2006;84.46
19/01/2006;83.09
20/01/2006;81.36
23/01/2006;81.41
24/01/2006;80.85
25/01/2006;80.91
26/01/2006;80.72
27/01/2006;81.02
30/01/2006;81.63
31/01/2006;81.3
01/02/2006;81.94
02/02/2006;81.23
03/02/2006;79.97
06/02/2006;79.51
07/02/2006;79.85
08/02/2006;80.8
09/02/2006;80.4
10/02/2006;81.33
13/02/2006;80.44
14/02/2006;81.09
15/02/2006;80.85
16/02/2006;80.91
17/02/2006;80.71
21/02/2006;80.5
22/02/2006;81.35
23/02/2006;80.2
24/02/2006;80.1
27/02/2006;80.63
28/02/2006;80.24
01/03/2006;79.9
02/03/2006;79.94
03/03/2006;79.96
06/03/2006;80
07/03/2006;80.29
08/03/2006;81.14
09/03/2006;81.02
10/03/2006;81.57
13/03/2006;81.93
14/03/2006;82.88
15/03/2006;83.38
16/03/2006;82.87
17/03/2006;83.3
20/03/2006;83.58
21/03/2006;83.81
22/03/2006;84.45
23/03/2006;83.2
24/03/2006;83.36
27/03/2006;83.08
28/03/2006;82.43
29/03/2006;83.13
30/03/2006;83.2
31/03/2006;82.47
03/04/2006;83.06
04/04/2006;83.45
05/04/2006;84.17
06/04/2006;83.81
07/04/2006;82.48
10/04/2006;82.1
11/04/2006;81.16
12/04/2006;80.75
13/04/2006;81.98
17/04/2006;81.64
18/04/2006;83.31
19/04/2006;81.86
20/04/2006;82.02
21/04/2006;81.66
24/04/2006;82.11
25/04/2006;82.67
26/04/2006;83.35
27/04/2006;83.88
28/04/2006;82.34
01/05/2006;82.23
02/05/2006;82.42
03/05/2006;82.7
04/05/2006;82.43
05/05/2006;83.28
08/05/2006;82.89
09/05/2006;83.23
10/05/2006;82.9
11/05/2006;82.46
12/05/2006;82.39
15/05/2006;82.89
16/05/2006;82.16
17/05/2006;81.27
18/05/2006;80.66
19/05/2006;80.28
22/05/2006;80.02
23/05/2006;79.83
24/05/2006;79.78
25/05/2006;80.14
26/05/2006;80.75
30/05/2006;80.16
31/05/2006;79.9
01/06/2006;80.69
02/06/2006;79.52
05/06/2006;79.06
06/06/2006;79.76
07/06/2006;79.15
08/06/2006;77.03
09/06/2006;77.63
12/06/2006;77.02
13/06/2006;76.93
14/06/2006;77.71
15/06/2006;78.56
16/06/2006;77.95
19/06/2006;77.67
20/06/2006;77.99
21/06/2006;78.3
22/06/2006;77.19
23/06/2006;77.1
26/06/2006;77.15
27/06/2006;76.63
28/06/2006;76.56
29/06/2006;77.59
30/06/2006;76.82
03/07/2006;78.02
05/07/2006;77.77
06/07/2006;78.09
07/07/2006;76.42
10/07/2006;76.67
11/07/2006;76.47
12/07/2006;75.48
13/07/2006;74.24
14/07/2006;73.57
17/07/2006;73.7
18/07/2006;74.26
19/07/2006;76.07
20/07/2006;75.48
21/07/2006;74.86
24/07/2006;75.99
25/07/2006;75.89
26/07/2006;75.83
27/07/2006;76.15
28/07/2006;76.96
31/07/2006;77.41
01/08/2006;76.14
02/08/2006;76.32
03/08/2006;76.33
04/08/2006;75.91
07/08/2006;75.52
08/08/2006;75.33
09/08/2006;75.39
10/08/2006;75.74
11/08/2006;75.48
14/08/2006;76.68
15/08/2006;77.08
16/08/2006;79.09
17/08/2006;79.37
18/08/2006;79.9
21/08/2006;79.28
22/08/2006;78.95
23/08/2006;78.67
24/08/2006;79.38
25/08/2006;79.88
28/08/2006;80.32
29/08/2006;81.4
30/08/2006;81.22
31/08/2006;80.97
01/09/2006;81.41
05/09/2006;80.85
06/09/2006;80.28
07/09/2006;79.4
08/09/2006;80.66
11/09/2006;80.93
12/09/2006;82.28
13/09/2006;82.21
14/09/2006;82.47
15/09/2006;82.94
18/09/2006;82.24
19/09/2006;81.87
20/09/2006;83.42
21/09/2006;81.61
22/09/2006;81.21
25/09/2006;82
26/09/2006;82.5
27/09/2006;82.09
28/09/2006;81.99
29/09/2006;81.94
02/10/2006;81.87
03/10/2006;81.65
04/10/2006;83.1
05/10/2006;82.92
06/10/2006;83.14
09/10/2006;84
10/10/2006;84.19
11/10/2006;84.19
12/10/2006;84.7
13/10/2006;86.08
16/10/2006;86.71
17/10/2006;86.95
18/10/2006;89.82
19/10/2006;89.86
20/10/2006;90.48
23/10/2006;91.56
24/10/2006;91.49
25/10/2006;91.83
26/10/2006;91.54
27/10/2006;90.76
30/10/2006;91.5
31/10/2006;92.33
01/11/2006;91.8
02/11/2006;91.68
03/11/2006;91.41
06/11/2006;92.6
07/11/2006;92.75
08/11/2006;92.59
09/11/2006;92.42
10/11/2006;91.76
13/11/2006;92.07
14/11/2006;93.29
15/11/2006;93.11
16/11/2006;93.47
17/11/2006;93.81
20/11/2006;93.25
21/11/2006;93.08
22/11/2006;93.52
24/11/2006;93.35
27/11/2006;91.45
28/11/2006;91.35
29/11/2006;91.52
30/11/2006;91.92
01/12/2006;91.25
04/12/2006;93.51
05/12/2006;94.48
06/12/2006;94.12
07/12/2006;94.23
08/12/2006;93.86
11/12/2006;93.64
12/12/2006;94.12
13/12/2006;94.77
14/12/2006;95.36
15/12/2006;95.3
18/12/2006;95.44
19/12/2006;96
20/12/2006;96
21/12/2006;95.91
22/12/2006;95.25
26/12/2006;95.66
27/12/2006;97.2
28/12/2006;96.97
29/12/2006;97.15
03/01/2007;97.27
04/01/2007;98.31
05/01/2007;97.42
08/01/2007;98.9
09/01/2007;100.07
10/01/2007;98.89
11/01/2007;98.65
12/01/2007;99.34
16/01/2007;100.82
17/01/2007;100.02
18/01/2007;99.45
19/01/2007;96.17
22/01/2007;97.11
23/01/2007;97.08
24/01/2007;97.4
25/01/2007;97.51
26/01/2007;97.45
29/01/2007;98.54
30/01/2007;99.37
31/01/2007;99.15
01/02/2007;99
02/02/2007;99.17
05/02/2007;100.38
06/02/2007;99.85
07/02/2007;99.54
08/02/2007;99.62
09/02/2007;98.55
12/02/2007;98.58
13/02/2007;98.29
14/02/2007;99.2
15/02/2007;98.92
16/02/2007;98.99
20/02/2007;99.35
21/02/2007;99.09
22/02/2007;98.5
23/02/2007;97.73
26/02/2007;96.91
27/02/2007;93.96
28/02/2007;92.94
01/03/2007;92.27
02/03/2007;90.9
05/03/2007;91.81
06/03/2007;93.8
07/03/2007;93.94
08/03/2007;93
09/03/2007;93.28
12/03/2007;94.11
13/03/2007;92.71
14/03/2007;93.76
15/03/2007;93.45
16/03/2007;93.25
19/03/2007;93.99
20/03/2007;94.5
21/03/2007;95.36
22/03/2007;95.19
23/03/2007;95.03
26/03/2007;95
27/03/2007;94.73
28/03/2007;94.26
29/03/2007;94.57
30/03/2007;94.26
02/04/2007;95.21
03/04/2007;96.1
04/04/2007;96.21
05/04/2007;96.52
09/04/2007;96.62
10/04/2007;96.46
11/04/2007;95.16
12/04/2007;95.67
13/04/2007;94.93
16/04/2007;96.18
17/04/2007;97.12
18/04/2007;94.8
19/04/2007;94.29
20/04/2007;94.58
23/04/2007;95.21
24/04/2007;98.49
25/04/2007;101.46
26/04/2007;100.9
27/04/2007;101.17
30/04/2007;102.21
01/05/2007;103.17
02/05/2007;102.22
03/05/2007;102.8
04/05/2007;102.96
07/05/2007;103.16
08/05/2007;103.29
09/05/2007;104.38
10/05/2007;104.68
11/05/2007;105.98
14/05/2007;105.57
15/05/2007;104.83
16/05/2007;105.87
17/05/2007;105.31
18/05/2007;107.99
21/05/2007;107.04
22/05/2007;106.7
23/05/2007;105.58
24/05/2007;103.95
25/05/2007;105.18
29/05/2007;105.91
30/05/2007;106.93
31/05/2007;106.6
01/06/2007;106.54
04/06/2007;106.23
05/06/2007;105.84
06/06/2007;102.41
07/06/2007;101.8
08/06/2007;103.07
11/06/2007;103.22
12/06/2007;102.34
13/06/2007;103.12
14/06/2007;103.85
15/06/2007;105.09
18/06/2007;105.33
19/06/2007;106.5
20/06/2007;106
21/06/2007;106.6
22/06/2007;104.44
25/06/2007;105.1
26/06/2007;105.33
27/06/2007;105.43
28/06/2007;105.95
29/06/2007;105.25
02/07/2007;105.01
03/07/2007;106.58
05/07/2007;108.05
06/07/2007;109.03
09/07/2007;108.97
10/07/2007;108.63
11/07/2007;109.1
12/07/2007;109.28
13/07/2007;108.6
16/07/2007;109.66
17/07/2007;110.77
18/07/2007;111.08
19/07/2007;115.86
20/07/2007;114.81
23/07/2007;116.38
24/07/2007;116.17
25/07/2007;118.1
26/07/2007;116.53
27/07/2007;115.62
30/07/2007;114.52
31/07/2007;110.65
01/08/2007;112.04
02/08/2007;113.23
03/08/2007;111.89
06/08/2007;113.89
07/08/2007;113.53
08/08/2007;112.98
09/08/2007;110.73
10/08/2007;112.64
13/08/2007;112.71
14/08/2007;112.05
15/08/2007;111.23
16/08/2007;109.69
17/08/2007;110.9
20/08/2007;109.22
21/08/2007;109.04
22/08/2007;110
23/08/2007;111.45
24/08/2007;113.24
27/08/2007;113.44
28/08/2007;112
29/08/2007;114.57
30/08/2007;115.37
31/08/2007;116.69
04/09/2007;118.19
05/09/2007;117.88
06/09/2007;117.62
07/09/2007;115.55
10/09/2007;115.8
11/09/2007;117.35
12/09/2007;116
13/09/2007;115.95
14/09/2007;115.13
17/09/2007;114.52
18/09/2007;116.63
19/09/2007;116.67
20/09/2007;116.86
21/09/2007;116.78
24/09/2007;116.25
25/09/2007;116.51
26/09/2007;117.3
27/09/2007;117.71
28/09/2007;117.8
01/10/2007;119.03
02/10/2007;118.36
03/10/2007;116.4
04/10/2007;115.69
05/10/2007;116.3
08/10/2007;117.77
09/10/2007;118.3
10/10/2007;118.62
11/10/2007;118.05
12/10/2007;117.81
15/10/2007;118.03
16/10/2007;119.6
17/10/2007;115.78
18/10/2007;114.8
19/10/2007;112.28
22/10/2007;113.37
23/10/2007;114.68
24/10/2007;112.95
25/10/2007;112.81
26/10/2007;113.73
29/10/2007;114.8
30/10/2007;114.12
31/10/2007;116.12
01/11/2007;113.65
02/11/2007;114.59
05/11/2007;113.4
06/11/2007;113.17
07/11/2007;111.08
08/11/2007;106.11
09/11/2007;100.25
12/11/2007;101.45
13/11/2007;105.27
14/11/2007;103.44
15/11/2007;103.6
16/11/2007;104.79
19/11/2007;102.22
20/11/2007;103.42
21/11/2007;102.22
23/11/2007;104.05
26/11/2007;101.97
27/11/2007;103.83
28/11/2007;107.37
29/11/2007;107.5
30/11/2007;105.18
03/12/2007;105.83
04/12/2007;106.63
05/12/2007;108.16
06/12/2007;109.7
07/12/2007;108.86
10/12/2007;109.39
11/12/2007;106.99
12/12/2007;108.47
13/12/2007;108.18
14/12/2007;105.77
17/12/2007;104.53
18/12/2007;106.31
19/12/2007;107.14
20/12/2007;108.84
21/12/2007;111.05
24/12/2007;111.65
26/12/2007;111.56
27/12/2007;109.6
28/12/2007;110.09
31/12/2007;108.1
02/01/2008;104.69
03/01/2008;104.9
04/01/2008;101.13
07/01/2008;100.05
08/01/2008;97.59
09/01/2008;98.31
10/01/2008;99.92
11/01/2008;97.67
14/01/2008;102.93
15/01/2008;101.83
16/01/2008;101.63
17/01/2008;101.1
18/01/2008;103.4
22/01/2008;101.22
23/01/2008;106.1
24/01/2008;106.91
25/01/2008;104.52
28/01/2008;104.98
29/01/2008;106.1
30/01/2008;105.65
31/01/2008;107.11
01/02/2008;109.08
04/02/2008;107.93
05/02/2008;105.02
06/02/2008;103.59
07/02/2008;102.34
08/02/2008;103.27
11/02/2008;105.14
12/02/2008;106.53
13/02/2008;108.42
14/02/2008;106.13
15/02/2008;106.16
19/02/2008;105
20/02/2008;107.85
21/02/2008;106.93
22/02/2008;108.07
25/02/2008;110.08
26/02/2008;114.38
27/02/2008;116.46
28/02/2008;115.24
29/02/2008;113.86
03/03/2008;114.23
04/03/2008;115.71
05/03/2008;115.39
06/03/2008;112.52
07/03/2008;113.94
10/03/2008;114.01
11/03/2008;116.49
12/03/2008;117.07
13/03/2008;115.91
14/03/2008;115.23
17/03/2008;115.55
18/03/2008;118.41
19/03/2008;116.94
20/03/2008;118.33
24/03/2008;119.06
25/03/2008;117.97
26/03/2008;116.91
27/03/2008;115.52
28/03/2008;114.57
31/03/2008;115.14
01/04/2008;116.49
02/04/2008;114.81
03/04/2008;116.02
04/04/2008;115.76
07/04/2008;116.31
08/04/2008;116.27
09/04/2008;116.77
10/04/2008;118.78
11/04/2008;116
14/04/2008;117.28
15/04/2008;117.17
16/04/2008;120.47
17/04/2008;123.08
18/04/2008;124.4
21/04/2008;124.35
22/04/2008;123.67
23/04/2008;123.6
24/04/2008;124.19
25/04/2008;123.08
28/04/2008;121.69
29/04/2008;122.85
30/04/2008;120.7
01/05/2008;123.61
02/05/2008;123.18
05/05/2008;122.03
06/05/2008;122.82
07/05/2008;124.14
08/05/2008;124.92
09/05/2008;124.06
12/05/2008;125.24
13/05/2008;126.58
14/05/2008;127.52
15/05/2008;128.46
16/05/2008;127.82
19/05/2008;126.49
20/05/2008;125.18
21/05/2008;123.62
22/05/2008;124.7
23/05/2008;124.2
27/05/2008;127.32
28/05/2008;129.54
29/05/2008;129.71
30/05/2008;129.43
02/06/2008;127.36
03/06/2008;127.84
04/06/2008;127.55
05/06/2008;128.47
06/06/2008;124.94
09/06/2008;125.86
10/06/2008;125.94
11/06/2008;123.25
12/06/2008;123.85
13/06/2008;126.15
16/06/2008;126.71
17/06/2008;125.1
18/06/2008;124.16
19/06/2008;125.02
20/06/2008;122.74
23/06/2008;123.46
24/06/2008;123.46
25/06/2008;124.58
26/06/2008;121.13
27/06/2008;120.05
30/06/2008;118.53
01/07/2008;119.27
02/07/2008;119.1
03/07/2008;119.54
07/07/2008;121.5
08/07/2008;123.88
09/07/2008;120.4
10/07/2008;123.18
11/07/2008;122.12
14/07/2008;121.54
15/07/2008;123.2
16/07/2008;125.94
17/07/2008;126.52
18/07/2008;129.89
21/07/2008;128.66
22/07/2008;130
23/07/2008;129.52
24/07/2008;130
25/07/2008;128.53
28/07/2008;126.25
29/07/2008;127.66
30/07/2008;128.86
31/07/2008;127.98
01/08/2008;126.64
04/08/2008;127.56
05/08/2008;128.87
06/08/2008;129.16
07/08/2008;129.05
08/08/2008;128.81
11/08/2008;126.6
12/08/2008;125.22
13/08/2008;125.8
14/08/2008;126.94
15/08/2008;126.36
18/08/2008;124.59
19/08/2008;122.56
20/08/2008;122.51
21/08/2008;122.99
22/08/2008;124.93
25/08/2008;122.86
26/08/2008;122.5
27/08/2008;123.38
28/08/2008;124.58
29/08/2008;121.73
02/09/2008;118.41
03/09/2008;118.34
04/09/2008;115
05/09/2008;114.33
08/09/2008;117.29
09/09/2008;115.04
10/09/2008;118.04
11/09/2008;119.2
12/09/2008;118.97
15/09/2008;115.19
16/09/2008;116.05
17/09/2008;111.47
18/09/2008;115.12
19/09/2008;118.85
22/09/2008;116.21
23/09/2008;115.36
24/09/2008;116.46
25/09/2008;120.11
26/09/2008;119.42
29/09/2008;114.46
30/09/2008;116.96
01/10/2008;110.13
02/10/2008;104.74
03/10/2008;103.44
06/10/2008;100.62
07/10/2008;95.65
08/10/2008;90.55
09/10/2008;89
10/10/2008;87.75
13/10/2008;92.21
14/10/2008;93.6
15/10/2008;88.29
16/10/2008;91.52
17/10/2008;90.78
20/10/2008;92.51
21/10/2008;88.86
22/10/2008;83.6
23/10/2008;84.35
24/10/2008;82.07
27/10/2008;79.66
28/10/2008;87.28
29/10/2008;88.2
30/10/2008;90.69
31/10/2008;92.97
03/11/2008;92.68
04/11/2008;93.4
05/11/2008;89.94
06/11/2008;85.15
07/11/2008;86.27
10/11/2008;83.87
11/11/2008;82.74
12/11/2008;79.74
13/11/2008;84.21
14/11/2008;80.33
17/11/2008;77.48
18/11/2008;80.08
19/11/2008;75.97
20/11/2008;71.74
21/11/2008;74.88
24/11/2008;79.89
25/11/2008;80.65
26/11/2008;81.67
28/11/2008;81.6
01/12/2008;76.9
02/12/2008;79.84
03/12/2008;80.67
04/12/2008;77.44
05/12/2008;80.59
08/12/2008;84.86
09/12/2008;82.69
10/12/2008;82.86
11/12/2008;80.58
12/12/2008;82.2
15/12/2008;82.77
16/12/2008;86.4
17/12/2008;85.84
18/12/2008;84
19/12/2008;83.52
22/12/2008;81.99
23/12/2008;80.6
24/12/2008;80.52
26/12/2008;81.33
29/12/2008;81.25
30/12/2008;83.55
31/12/2008;84.16
02/01/2009;87.37
05/01/2009;86.82
06/01/2009;89.23
07/01/2009;87.79
08/01/2009;87.18
09/01/2009;84.7
12/01/2009;85.71
13/01/2009;85.34
14/01/2009;83.19
15/01/2009;84.12
16/01/2009;84.92
20/01/2009;81.98
21/01/2009;91.42
22/01/2009;90.07
23/01/2009;89.49
26/01/2009;91.6
27/01/2009;91.66
28/01/2009;94.82
29/01/2009;92.51
30/01/2009;91.65
02/02/2009;90.93
03/02/2009;93.48
04/02/2009;92.83
05/02/2009;92.41
06/02/2009;96.14
09/02/2009;96.82
10/02/2009;93.27
11/02/2009;95.16
12/02/2009;95.07
13/02/2009;93.84
17/02/2009;90.67
18/02/2009;91.51
19/02/2009;88.93
20/02/2009;88.79
23/02/2009;84.37
24/02/2009;86.4
25/02/2009;85.9
26/02/2009;88.97
27/02/2009;92.03
02/03/2009;89.05
03/03/2009;87.77
04/03/2009;89.49
05/03/2009;87.48
06/03/2009;85.81
09/03/2009;83.48
10/03/2009;87.25
11/03/2009;88.62
12/03/2009;90.4
13/03/2009;90.36
16/03/2009;91.22
17/03/2009;92.91
18/03/2009;91.95
19/03/2009;92.66
20/03/2009;92.51
23/03/2009;98.71
24/03/2009;98.3
25/03/2009;97.95
26/03/2009;98.78
27/03/2009;94.15
30/03/2009;94.52
31/03/2009;96.89
01/04/2009;97.61
02/04/2009;100.82
03/04/2009;102.22
06/04/2009;101.56
07/04/2009;98.75
08/04/2009;101.19
09/04/2009;101.7
13/04/2009;99.95
14/04/2009;99.27
15/04/2009;98.85
16/04/2009;101.43
17/04/2009;101.27
20/04/2009;100.43
21/04/2009;102.31
22/04/2009;102.55
23/04/2009;101.42
24/04/2009;100.08
27/04/2009;99.95
28/04/2009;101.94
29/04/2009;104.04
30/04/2009;103.21
01/05/2009;104.61
04/05/2009;106.19
05/05/2009;105.85
06/05/2009;104.62
07/05/2009;102.59
08/05/2009;101.49
11/05/2009;102.9
12/05/2009;103.94
13/05/2009;102.26
14/05/2009;101.05
15/05/2009;101.37
18/05/2009;104.58
19/05/2009;105.51
20/05/2009;104.05
21/05/2009;102.82
22/05/2009;101.89
26/05/2009;105.02
27/05/2009;102.93
28/05/2009;104.69
29/05/2009;106.28
01/06/2009;108.37
02/06/2009;106.83
03/06/2009;106.49
04/06/2009;106.33
05/06/2009;107.24
08/06/2009;107.49
09/06/2009;108.14
10/06/2009;108.35
11/06/2009;109.4
12/06/2009;108.21
15/06/2009;107.62
16/06/2009;107.32
17/06/2009;107
18/06/2009;106.33
19/06/2009;105.89
22/06/2009;104.52
23/06/2009;104.44
24/06/2009;104.15
25/06/2009;106.06
26/06/2009;105.68
29/06/2009;105.83
30/06/2009;104.42
01/07/2009;104.84
02/07/2009;101.73
06/07/2009;101.65
07/07/2009;100.19
08/07/2009;100.68
09/07/2009;102.08
10/07/2009;100.83
13/07/2009;103.62
14/07/2009;103.25
15/07/2009;107.22
16/07/2009;110.64
17/07/2009;115.42
20/07/2009;116.44
21/07/2009;117.04
22/07/2009;115.57
23/07/2009;117.06
24/07/2009;117.64
27/07/2009;117.63
28/07/2009;117.28
29/07/2009;117.26
30/07/2009;117.86
31/07/2009;117.93
03/08/2009;119.92
04/08/2009;119.6
05/08/2009;118.47
06/08/2009;117.38
07/08/2009;119.33
10/08/2009;118.7
11/08/2009;117.79
12/08/2009;119.29
13/08/2009;119.58
14/08/2009;118.57
17/08/2009;116.86
18/08/2009;117.63
19/08/2009;118.57
20/08/2009;118.95
21/08/2009;119.9
24/08/2009;119.32
25/08/2009;118.83
26/08/2009;119.47
27/08/2009;119.43
28/08/2009;118.22
31/08/2009;118.05
01/09/2009;116.69
02/09/2009;116.09
03/09/2009;116.33
04/09/2009;117.46
08/09/2009;117.16
09/09/2009;116.76
10/09/2009;117.67
11/09/2009;118.05
14/09/2009;118.88
15/09/2009;119.35
16/09/2009;121.82
17/09/2009;121.88
18/09/2009;122.11
21/09/2009;121.57
22/09/2009;121.61
23/09/2009;120.82
24/09/2009;120.94
25/09/2009;121.08
28/09/2009;119.33
29/09/2009;118.81
30/09/2009;119.61
01/10/2009;117.9
02/10/2009;119.02
05/10/2009;119.75
06/10/2009;121.35
07/10/2009;122.78
08/10/2009;122.29
09/10/2009;125.93
12/10/2009;127.04
13/10/2009;127.02
14/10/2009;128.35
15/10/2009;127.98
16/10/2009;121.64
19/10/2009;123.06
20/10/2009;122.82
21/10/2009;120.87
22/10/2009;122.69
23/10/2009;120.36
26/10/2009;120.11
27/10/2009;120.65
28/10/2009;121.5
29/10/2009;122.87
30/10/2009;120.61
02/11/2009;120.56
03/11/2009;121.16
04/11/2009;121.29
05/11/2009;123.1
06/11/2009;123.49
09/11/2009;126
10/11/2009;126.91
11/11/2009;127.19
12/11/2009;126.26
13/11/2009;127.03
16/11/2009;128.21
17/11/2009;128.63
18/11/2009;128.15
19/11/2009;127.54
20/11/2009;126.96
23/11/2009;128.2
24/11/2009;127.93
25/11/2009;127.28
27/11/2009;125.7
30/11/2009;126.35
01/12/2009;127.94
02/12/2009;127.21
03/12/2009;127.55
04/12/2009;127.25
07/12/2009;127.04
08/12/2009;126.8
09/12/2009;128.39
10/12/2009;129.34
11/12/2009;129.68
14/12/2009;129.93
15/12/2009;128.49
16/12/2009;128.71
17/12/2009;127.4
18/12/2009;127.91
21/12/2009;128.65
22/12/2009;129.93
23/12/2009;130
24/12/2009;130.57
28/12/2009;132.31
29/12/2009;131.85
30/12/2009;132.57
31/12/2009;130.9
04/01/2010;132.45
05/01/2010;130.85
06/01/2010;130
07/01/2010;129.55
08/01/2010;130.85
11/01/2010;129.48
12/01/2010;130.51
13/01/2010;130.23
14/01/2010;132.31
15/01/2010;131.78
19/01/2010;134.14
20/01/2010;130.25
21/01/2010;129
22/01/2010;125.5
25/01/2010;126.12
26/01/2010;125.75
27/01/2010;126.33
28/01/2010;123.75
29/01/2010;122.39
01/02/2010;124.67
02/02/2010;125.53
03/02/2010;125.66
04/02/2010;123
05/02/2010;123.52
08/02/2010;121.88
09/02/2010;123.21
10/02/2010;122.81
11/02/2010;123.73
12/02/2010;124
16/02/2010;125.23
17/02/2010;126.33
18/02/2010;127.81
19/02/2010;127.19
22/02/2010;126.85
23/02/2010;126.46
24/02/2010;127.59
25/02/2010;127.07
26/02/2010;127.16
01/03/2010;128.57
02/03/2010;127.42
03/03/2010;126.88
04/03/2010;126.72
05/03/2010;127.25
08/03/2010;126.41
09/03/2010;125.55
10/03/2010;125.62
11/03/2010;127.6
12/03/2010;127.94
15/03/2010;127.83
16/03/2010;128.67
17/03/2010;127.76
18/03/2010;128.38
19/03/2010;127.71
22/03/2010;127.98
23/03/2010;129.37
24/03/2010;128.53
25/03/2010;129.24
26/03/2010;129.26
29/03/2010;128.59
30/03/2010;128.77
31/03/2010;128.25
01/04/2010;128.25
05/04/2010;129.35
06/04/2010;128.93
07/04/2010;128.48
08/04/2010;127.61
09/04/2010;128.76
12/04/2010;128.36
13/04/2010;129.03
14/04/2010;131.25
15/04/2010;130.89
16/04/2010;130.63
19/04/2010;132.23
20/04/2010;129.69
21/04/2010;128.99
22/04/2010;129.13
23/04/2010;129.99
26/04/2010;130.73
27/04/2010;128.82
28/04/2010;130.1
29/04/2010;130.46
30/04/2010;129
03/05/2010;129.6
04/05/2010;128.12
05/05/2010;127.46
06/05/2010;123.92
07/05/2010;122.1
10/05/2010;126.27
11/05/2010;126.89
12/05/2010;132.68
13/05/2010;131.48
14/05/2010;131.19
17/05/2010;130.44
18/05/2010;129.95
19/05/2010;128.86
20/05/2010;123.8
21/05/2010;125.42
24/05/2010;124.45
25/05/2010;124.52
26/05/2010;123.23
27/05/2010;126.39
28/05/2010;125.26
01/06/2010;124.34
02/06/2010;127.41
03/06/2010;127.96
04/06/2010;125.28
07/06/2010;124.13
08/06/2010;123.72
09/06/2010;123.9
10/06/2010;127.68
11/06/2010;128.45
14/06/2010;128.5
15/06/2010;129.79
16/06/2010;130.35
17/06/2010;130.98
18/06/2010;130.15
21/06/2010;130.65
22/06/2010;129.3
23/06/2010;130.11
24/06/2010;128.19
25/06/2010;127.12
28/06/2010;128.98
29/06/2010;125.09
30/06/2010;123.48
01/07/2010;122.57
02/07/2010;121.86
06/07/2010;123.46
07/07/2010;127
08/07/2010;127.97
09/07/2010;127.96
12/07/2010;128.67
13/07/2010;130.48
14/07/2010;130.72
15/07/2010;130.72
16/07/2010;128.03
19/07/2010;129.79
20/07/2010;126.55
21/07/2010;125.27
22/07/2010;127.47
23/07/2010;128.38
26/07/2010;128.41
27/07/2010;128.63
28/07/2010;128.43
29/07/2010;128.02
30/07/2010;128.4
02/08/2010;130.76
03/08/2010;130.37
04/08/2010;131.27
05/08/2010;131.83
06/08/2010;130.14
09/08/2010;132
10/08/2010;131.84
11/08/2010;129.83
12/08/2010;128.3
13/08/2010;127.87
16/08/2010;127.77
17/08/2010;128.45
18/08/2010;129.39
19/08/2010;128.9
20/08/2010;127.5
23/08/2010;126.47
24/08/2010;124.9
25/08/2010;125.27
26/08/2010;122.78
27/08/2010;124.73
30/08/2010;123.4
31/08/2010;123.05
01/09/2010;125.77
02/09/2010;125.04
03/09/2010;127.58
07/09/2010;125.95
08/09/2010;126.08
09/09/2010;126.36
10/09/2010;127.99
13/09/2010;129.61
14/09/2010;128.85
15/09/2010;129.43
16/09/2010;129.67
17/09/2010;130.19
20/09/2010;131.79
21/09/2010;131.98
22/09/2010;132.57
23/09/2010;131.67
24/09/2010;134.11
27/09/2010;134.65
28/09/2010;134.89
29/09/2010;135.48
30/09/2010;134.14
01/10/2010;135.64
04/10/2010;135.25
05/10/2010;137.66
06/10/2010;137.84
07/10/2010;138.72
08/10/2010;138.85
11/10/2010;139.66
12/10/2010;139.85
13/10/2010;140.37
14/10/2010;141.5
15/10/2010;141.06
18/10/2010;142.83
19/10/2010;138.03
20/10/2010;139.07
21/10/2010;139.83
22/10/2010;139.67
25/10/2010;139.84
26/10/2010;140.67
27/10/2010;141.43
28/10/2010;140.9
29/10/2010;143.6
01/11/2010;143.32
02/11/2010;143.84
03/11/2010;144.17
04/11/2010;146.79
05/11/2010;146.92
08/11/2010;146.46
09/11/2010;146.14
10/11/2010;146.55
11/11/2010;145.43
12/11/2010;143.74
15/11/2010;143.64
16/11/2010;142.24
17/11/2010;141.95
18/11/2010;144.36
19/11/2010;145.05
22/11/2010;145.39
23/11/2010;143.18
24/11/2010;145.81
26/11/2010;143.9
29/11/2010;142.89
30/11/2010;141.46
01/12/2010;144.41
02/12/2010;145.18
03/12/2010;145.38
06/12/2010;144.99
07/12/2010;144.02
08/12/2010;144.98
09/12/2010;144.3
10/12/2010;144.82
13/12/2010;144.28
14/12/2010;145.82
15/12/2010;144.72
16/12/2010;144.55
17/12/2010;145
20/12/2010;144.51
21/12/2010;145.74
22/12/2010;145.95
23/12/2010;145.89
27/12/2010;145.34
28/12/2010;145.71
29/12/2010;146.52
30/12/2010;146.67
31/12/2010;146.76
03/01/2011;147.48
04/01/2011;147.64
05/01/2011;147.05
06/01/2011;148.66
07/01/2011;147.93
10/01/2011;147.64
11/01/2011;147.28
12/01/2011;149.1
13/01/2011;148.82
14/01/2011;150
18/01/2011;150.65
19/01/2011;155.69
20/01/2011;155.8
21/01/2011;155.5
24/01/2011;159.63
25/01/2011;161.44
26/01/2011;161.04
27/01/2011;161.07
28/01/2011;159.21
31/01/2011;162
01/02/2011;163.56
02/02/2011;163.3
03/02/2011;163.53
04/02/2011;164
07/02/2011;164.82
08/02/2011;166.05
09/02/2011;164.65
10/02/2011;164.09
11/02/2011;163.85
14/02/2011;163.22
15/02/2011;162.84
16/02/2011;163.4
17/02/2011;164.24
18/02/2011;164.84
22/02/2011;161.95
23/02/2011;160.18
24/02/2011;160.77
25/02/2011;162.28
28/02/2011;161.88
01/03/2011;159.97
02/03/2011;160.16
03/03/2011;163.48
04/03/2011;161.83
07/03/2011;159.93
08/03/2011;162.28
09/03/2011;165.86
10/03/2011;162.02
11/03/2011;162.43
14/03/2011;161.39
15/03/2011;159.02
16/03/2011;153
17/03/2011;154.18
18/03/2011;155.89
21/03/2011;157.68
22/03/2011;158
23/03/2011;159.53
24/03/2011;160.04
25/03/2011;162.18
28/03/2011;161.37
29/03/2011;162.88
30/03/2011;163.6
31/03/2011;163.07
01/04/2011;164.27
04/04/2011;164.25
05/04/2011;163.99
06/04/2011;164.04
07/04/2011;164.38
08/04/2011;164.05
11/04/2011;163.95
12/04/2011;163.25
13/04/2011;163.95
14/04/2011;164.97
15/04/2011;166.21
18/04/2011;165.94
19/04/2011;165.4
20/04/2011;164.75
21/04/2011;168.28
25/04/2011;167.67
26/04/2011;168.49
27/04/2011;170.37
28/04/2011;170.78
29/04/2011;170.58
02/05/2011;172.15
03/05/2011;172.87
04/05/2011;170.62
05/05/2011;168.46
06/05/2011;168.89
09/05/2011;169.1
10/05/2011;170.38
11/05/2011;169.5
12/05/2011;172.24
13/05/2011;169.92
16/05/2011;168.86
17/05/2011;170.5
18/05/2011;170.44
19/05/2011;170.59
20/05/2011;170.16
23/05/2011;168.26
24/05/2011;167.99
25/05/2011;167.75
26/05/2011;167.18
27/05/2011;167.5
31/05/2011;168.93
01/06/2011;166.56
02/06/2011;166.09
03/06/2011;165.05
06/06/2011;164.75
07/06/2011;163.69
08/06/2011;164.34
09/06/2011;164.84
10/06/2011;163.18
13/06/2011;163.17
14/06/2011;164.12
15/06/2011;162.33
16/06/2011;162.67
17/06/2011;164.44
20/06/2011;165.02
21/06/2011;166.22
22/06/2011;165.68
23/06/2011;166.12
24/06/2011;165.07
27/06/2011;167.62
28/06/2011;170.01
29/06/2011;170.54
30/06/2011;171.55
01/07/2011;174.54
05/07/2011;175.43
06/07/2011;177.71
07/07/2011;176.48
08/07/2011;176.49
11/07/2011;174.99
12/07/2011;174.05
13/07/2011;174.32
14/07/2011;174.23
15/07/2011;175.54
18/07/2011;175.28
19/07/2011;185.21
20/07/2011;183.65
21/07/2011;184.9
22/07/2011;185.18
25/07/2011;183.7
26/07/2011;182.93
27/07/2011;181.35
28/07/2011;181.8
29/07/2011;181.85
01/08/2011;180.75
02/08/2011;178.05
03/08/2011;178.83
04/08/2011;171.48
05/08/2011;172.98
08/08/2011;166.22
09/08/2011;170.61
10/08/2011;162.54
11/08/2011;166.73
12/08/2011;168.2
15/08/2011;172.99
16/08/2011;171.24
17/08/2011;171.48
18/08/2011;163.83
19/08/2011;157.54
22/08/2011;158.98
23/08/2011;164.32
24/08/2011;166.76
25/08/2011;165.58
26/08/2011;169.14
29/08/2011;172.62
30/08/2011;172.51
31/08/2011;171.91
01/09/2011;170.33
02/09/2011;166.98
06/09/2011;165.11
07/09/2011;167.31
08/09/2011;165.25
09/09/2011;161.37
12/09/2011;162.42
13/09/2011;163.43
14/09/2011;167.24
15/09/2011;170.09
16/09/2011;172.99
19/09/2011;173.13
20/09/2011;174.72
21/09/2011;173.02
22/09/2011;168.62
23/09/2011;169.34
26/09/2011;174.51
27/09/2011;177.71
28/09/2011;177.55
29/09/2011;179.17
30/09/2011;174.87
03/10/2011;173.29
04/10/2011;174.74
05/10/2011;176.85
06/10/2011;181.69
07/10/2011;182.39
10/10/2011;186.62
11/10/2011;185
12/10/2011;186.12
13/10/2011;186.82
14/10/2011;190.53
17/10/2011;186.59
18/10/2011;178.9
19/10/2011;177.39
20/10/2011;177.25
21/10/2011;181.63
24/10/2011;182.25
25/10/2011;180.36
26/10/2011;181.97
27/10/2011;186.34
28/10/2011;187.45
31/10/2011;184.63
01/11/2011;181.35
02/11/2011;183.92
03/11/2011;187.3
04/11/2011;186.38
07/11/2011;187.32
08/11/2011;187.25
09/11/2011;182.24
10/11/2011;183.35
11/11/2011;187.38
14/11/2011;187.35
15/11/2011;188.75
16/11/2011;186.62
17/11/2011;185.73
18/11/2011;185.24
21/11/2011;181.48
22/11/2011;181.31
23/11/2011;177.95
25/11/2011;177.06
28/11/2011;182.21
29/11/2011;180.94
30/11/2011;188
01/12/2011;189.45
02/12/2011;189.66
05/12/2011;190.84
06/12/2011;192.94
07/12/2011;194.05
08/12/2011;191.58
09/12/2011;194.56
12/12/2011;192.18
13/12/2011;191.15
14/12/2011;188.72
15/12/2011;187.48
16/12/2011;183.57
19/12/2011;182.89
20/12/2011;187.24
21/12/2011;181.47
22/12/2011;182.04
23/12/2011;184.75
27/12/2011;184.95
28/12/2011;183.99
29/12/2011;186.18
30/12/2011;183.88
03/01/2012;186.3
04/01/2012;185.54
05/01/2012;184.66
06/01/2012;182.54
09/01/2012;181.59
10/01/2012;181.31
11/01/2012;182.32
12/01/2012;180.55
13/01/2012;179.16
17/01/2012;180
18/01/2012;181.07
19/01/2012;180.52
20/01/2012;188.52
23/01/2012;189.98
24/01/2012;191.93
25/01/2012;191.73
26/01/2012;190.98
27/01/2012;190.46
30/01/2012;192.5
31/01/2012;192.6
01/02/2012;192.62
02/02/2012;191.53
03/02/2012;193.64
06/02/2012;192.82
07/02/2012;193.35
08/02/2012;192.95
09/02/2012;193.13
10/02/2012;192.42
13/02/2012;192.62
14/02/2012;192.22
15/02/2012;192.25
16/02/2012;193.02
17/02/2012;193.42
21/02/2012;193.39
22/02/2012;193.87
23/02/2012;197.61
24/02/2012;197.76
27/02/2012;197.53
28/02/2012;197.98
29/02/2012;196.73
01/03/2012;197.53
02/03/2012;198.81
05/03/2012;200.66
06/03/2012;197.26
07/03/2012;197.77
08/03/2012;199.81
09/03/2012;200.62
12/03/2012;201
13/03/2012;203.78
14/03/2012;204.72
15/03/2012;206
16/03/2012;206.01
19/03/2012;205.72
20/03/2012;204.25
21/03/2012;204.69
22/03/2012;205.49
23/03/2012;205.48
26/03/2012;207.77
27/03/2012;207.18
28/03/2012;207.29
29/03/2012;208.27
30/03/2012;208.65
02/04/2012;209.47
03/04/2012;209.5
04/04/2012;206.05
05/04/2012;205.47
09/04/2012;204.94
10/04/2012;202.33
11/04/2012;202.58
12/04/2012;205.32
13/04/2012;202.8
16/04/2012;202.72
17/04/2012;207.45
18/04/2012;200.13
19/04/2012;199.51
20/04/2012;199.6
23/04/2012;198.62
24/04/2012;200
25/04/2012;203.57
26/04/2012;205.58
27/04/2012;206.81
30/04/2012;207.08
01/05/2012;208
02/05/2012;208.06
03/05/2012;207.24
04/05/2012;204.99
07/05/2012;203.75
08/05/2012;201.48
09/05/2012;201.23
10/05/2012;200.6
11/05/2012;201.17
14/05/2012;199.44
15/05/2012;199.04
16/05/2012;199.73
17/05/2012;197.89
18/05/2012;195.88
21/05/2012;197.76
22/05/2012;196.82
23/05/2012;196.12
24/05/2012;196.09
25/05/2012;194.3
29/05/2012;196.46
30/05/2012;194.53
31/05/2012;192.9
01/06/2012;189.08
04/06/2012;188.54
05/06/2012;189.2
06/06/2012;193.99
07/06/2012;194.44
08/06/2012;195.14
11/06/2012;192.51
12/06/2012;194.55
13/06/2012;193.1
14/06/2012;195.1
15/06/2012;199.1
18/06/2012;198.29
19/06/2012;198.93
20/06/2012;198.78
21/06/2012;193.39
22/06/2012;193.7
25/06/2012;192.86
26/06/2012;191.95
27/06/2012;193
28/06/2012;191.4
29/06/2012;195.58
02/07/2012;195.83
03/07/2012;195.93
05/07/2012;195.29
06/07/2012;191.41
09/07/2012;189.67
10/07/2012;186.26
11/07/2012;185.25
12/07/2012;183.09
13/07/2012;186.01
16/07/2012;184.79
17/07/2012;183.65
18/07/2012;188.25
19/07/2012;195.34
20/07/2012;192.45
23/07/2012;190.83
24/07/2012;190.34
25/07/2012;191.08
26/07/2012;193.95
27/07/2012;196.39
30/07/2012;196.68
31/07/2012;195.98
01/08/2012;195.18
02/08/2012;194.45
03/08/2012;198.52
06/08/2012;198.76
07/08/2012;199.93
08/08/2012;199.03
09/08/2012;198.42
10/08/2012;199.29
13/08/2012;199.01
14/08/2012;198.29
15/08/2012;198.4
16/08/2012;200.84
17/08/2012;201.22
20/08/2012;200.5
21/08/2012;198.65
22/08/2012;197.25
23/08/2012;195.7
24/08/2012;197.77
27/08/2012;195.69
28/08/2012;194.87
29/08/2012;195.08
30/08/2012;193.37
31/08/2012;194.85
04/09/2012;194.54
05/09/2012;195.04
06/09/2012;199.1
07/09/2012;199.5
10/09/2012;200.95
11/09/2012;203.27
12/09/2012;203.77
13/09/2012;206.36
14/09/2012;206.81
17/09/2012;207.15
18/09/2012;207.07
19/09/2012;206.43
20/09/2012;206.18
21/09/2012;205.98
24/09/2012;205.29
25/09/2012;204.98
26/09/2012;204
27/09/2012;205.91
28/09/2012;207.45
01/10/2012;210.47
02/10/2012;209.84
03/10/2012;210.51
04/10/2012;210.39
05/10/2012;210.59
08/10/2012;209.82
09/10/2012;207.99
10/10/2012;205.82
11/10/2012;205.76
12/10/2012;207.8
15/10/2012;208.93
16/10/2012;211
17/10/2012;200.63
18/10/2012;194.96
19/10/2012;193.36
22/10/2012;194.4
23/10/2012;191.25
24/10/2012;190.72
25/10/2012;191.6
26/10/2012;193.27
31/10/2012;194.53
01/11/2012;197.15
02/11/2012;193.43
05/11/2012;194.14
06/11/2012;195.07
07/11/2012;191.16
08/11/2012;190.1
09/11/2012;189.64
12/11/2012;189.25
13/11/2012;188.32
14/11/2012;185.51
15/11/2012;185.85
16/11/2012;186.94
19/11/2012;190.35
20/11/2012;189.2
21/11/2012;190.29
23/11/2012;193.49
26/11/2012;192.88
27/11/2012;191.23
28/11/2012;191.98
29/11/2012;191.53
30/11/2012;190.07
03/12/2012;189.48
04/12/2012;189.36
05/12/2012;188.65
06/12/2012;189.7
07/12/2012;191.95
10/12/2012;192.62
11/12/2012;194.2
12/12/2012;192.95
13/12/2012;191.99
14/12/2012;191.76
17/12/2012;193.62
18/12/2012;195.69
19/12/2012;195.08
20/12/2012;194.77
21/12/2012;193.42
24/12/2012;192.4
26/12/2012;191.95
27/12/2012;192.71
28/12/2012;189.83
31/12/2012;191.55
02/01/2013;196.35
03/01/2013;195.27
04/01/2013;193.99
07/01/2013;193.14
08/01/2013;192.87
09/01/2013;192.32
10/01/2013;192.88
11/01/2013;194.45
14/01/2013;192.62
15/01/2013;192.5
16/01/2013;192.59
17/01/2013;193.65
18/01/2013;194.47
22/01/2013;196.08
23/01/2013;204.72
24/01/2013;204.42
25/01/2013;204.97
28/01/2013;204.93
29/01/2013;203.9
30/01/2013;203.52
31/01/2013;203.07
01/02/2013;205.18
04/02/2013;203.79
05/02/2013;202.79
06/02/2013;201.02
07/02/2013;199.74
08/02/2013;201.68
11/02/2013;200.16
12/02/2013;200.04
13/02/2013;200.09
14/02/2013;199.65
15/02/2013;200.98
19/02/2013;200.32
20/02/2013;199.31
21/02/2013;198.33
22/02/2013;201.09
25/02/2013;197.51
26/02/2013;199.14
27/02/2013;202.33
28/02/2013;200.83
01/03/2013;202.91
04/03/2013;205.19
05/03/2013;206.53
06/03/2013;208.38
07/03/2013;209.42
08/03/2013;210.38
11/03/2013;210.08
12/03/2013;210.55
13/03/2013;212.06
14/03/2013;215.8
15/03/2013;214.92
18/03/2013;213.21
19/03/2013;213.44
20/03/2013;215.06
21/03/2013;212.26
22/03/2013;212.08
25/03/2013;210.74
26/03/2013;212.36
27/03/2013;210.89
28/03/2013;213.3
01/04/2013;212.38
02/04/2013;214.36
03/04/2013;212.66
04/04/2013;211.31
05/04/2013;209.41
08/04/2013;209.32
09/04/2013;209.22
10/04/2013;212
11/04/2013;212.92
12/04/2013;211.38
15/04/2013;209.26
16/04/2013;212
17/04/2013;209.67
18/04/2013;207.15
19/04/2013;190
22/04/2013;187.83
23/04/2013;191.61
24/04/2013;191.71
25/04/2013;193.95
26/04/2013;194.31
29/04/2013;199.15
30/04/2013;202.54
01/05/2013;199.63
02/05/2013;202.39
03/05/2013;204.51
06/05/2013;202.78
07/05/2013;203.63
08/05/2013;204.82
09/05/2013;203.24
10/05/2013;204.47
13/05/2013;202.47
14/05/2013;203.21
15/05/2013;203.32
16/05/2013;204.69
17/05/2013;208.44
20/05/2013;207.6
21/05/2013;208.65
22/05/2013;206.99
23/05/2013;206.16
24/05/2013;205.72
28/05/2013;207.78
29/05/2013;207.92
30/05/2013;209.36
31/05/2013;208.02
03/06/2013;208.95
04/06/2013;206.19
05/06/2013;202.74
06/06/2013;203.8
07/06/2013;206.35
10/06/2013;205.02
11/06/2013;203.98
12/06/2013;201.2
13/06/2013;203.77
14/06/2013;202.2
17/06/2013;203.04
18/06/2013;204.87
19/06/2013;201.94
20/06/2013;197.35
21/06/2013;195.46
24/06/2013;193.54
25/06/2013;194.98
26/06/2013;194.86
27/06/2013;195.65
28/06/2013;191.11
01/07/2013;191.28
02/07/2013;191.5
03/07/2013;193.25
05/07/2013;194.93
08/07/2013;194.98
09/07/2013;191.3
10/07/2013;192.25
11/07/2013;192.8
12/07/2013;192.07
15/07/2013;194
16/07/2013;193.85
17/07/2013;194.55
18/07/2013;197.99
19/07/2013;193.54
22/07/2013;194.09
23/07/2013;194.98
24/07/2013;196.61
25/07/2013;197.22
26/07/2013;197.35
29/07/2013;196.21
30/07/2013;196.01
31/07/2013;195.04
01/08/2013;195.81
02/08/2013;195.16
05/08/2013;195.5
06/08/2013;190.99
07/08/2013;188.56
08/08/2013;187.93
09/08/2013;187.82
12/08/2013;189.09
13/08/2013;188.42
14/08/2013;187.53
15/08/2013;185.79
16/08/2013;185.34
19/08/2013;184.23
20/08/2013;184.56
21/08/2013;184.86
22/08/2013;185.19
23/08/2013;185.42
26/08/2013;184.74
27/08/2013;182.74
28/08/2013;182.16
29/08/2013;182.64
30/08/2013;182.27
03/09/2013;183.96
04/09/2013;183.13
05/09/2013;184.15
06/09/2013;183.03
09/09/2013;184.98
10/09/2013;186.6
11/09/2013;190.7
12/09/2013;190.73
13/09/2013;192.17
16/09/2013;193.15
17/09/2013;192.16
18/09/2013;194.42
19/09/2013;193.39
20/09/2013;190.02
23/09/2013;190.99
24/09/2013;189.97
25/09/2013;189.47
26/09/2013;190.22
27/09/2013;186.92
30/09/2013;185.18
01/10/2013;186.38
02/10/2013;184.96
03/10/2013;183.86
04/10/2013;184.1
07/10/2013;182.01
08/10/2013;178.72
09/10/2013;181.32
10/10/2013;184.77
11/10/2013;186.16
14/10/2013;186.97
15/10/2013;184.66
16/10/2013;186.73
17/10/2013;174.83
18/10/2013;173.78
21/10/2013;172.86
22/10/2013;174.97
23/10/2013;175.77
24/10/2013;177.8
25/10/2013;176.85
28/10/2013;177.35
29/10/2013;182.12
30/10/2013;180.15
31/10/2013;179.21
01/11/2013;179.23
04/11/2013;180.27
05/11/2013;177.85
06/11/2013;179.19
07/11/2013;180
08/11/2013;179.99
11/11/2013;182.88
12/11/2013;183.07
13/11/2013;183.55
14/11/2013;182.21
15/11/2013;183.19
18/11/2013;184.47
19/11/2013;185.25
20/11/2013;185.19
21/11/2013;184.13
22/11/2013;181.3
25/11/2013;178.94
26/11/2013;177.31
27/11/2013;178.97
29/11/2013;179.68
02/12/2013;177.48
03/12/2013;176.08
04/12/2013;175.74
05/12/2013;176.08
06/12/2013;177.67
09/12/2013;177.46
10/12/2013;177.12
11/12/2013;175.2
12/12/2013;173.37
13/12/2013;172.8
16/12/2013;177.85
17/12/2013;175.76
18/12/2013;178.7
19/12/2013;180.22
20/12/2013;180.02
23/12/2013;182.23
24/12/2013;183.22
26/12/2013;185.35
27/12/2013;185.08
30/12/2013;186.41
31/12/2013;187.57
02/01/2014;185.53
03/01/2014;186.64
06/01/2014;186
07/01/2014;189.71
08/01/2014;187.97
09/01/2014;187.38
10/01/2014;187.26
13/01/2014;184.16
14/01/2014;185.92
15/01/2014;187.74
16/01/2014;188.76
17/01/2014;190.09
21/01/2014;188.43
22/01/2014;182.25
23/01/2014;182.73
24/01/2014;179.64
27/01/2014;177.9
28/01/2014;176.85
29/01/2014;176.4
30/01/2014;177.36
31/01/2014;176.68
03/02/2014;172.9
04/02/2014;172.84
05/02/2014;174.24
06/02/2014;174.67
07/02/2014;177.25
10/02/2014;177.14
11/02/2014;179.7
12/02/2014;180.24
13/02/2014;181.84
14/02/2014;183.69
18/02/2014;183.19
19/02/2014;182.95
20/02/2014;184.26
21/02/2014;182.79
24/02/2014;183.45
25/02/2014;183.23
26/02/2014;184.06
27/02/2014;185.27
28/02/2014;185.17
03/03/2014;184.26
04/03/2014;186.44
05/03/2014;187.14
06/03/2014;187.64
07/03/2014;187.68
10/03/2014;186.39
11/03/2014;186.76
12/03/2014;186.22
13/03/2014;183.9
14/03/2014;182.21
17/03/2014;185.81
18/03/2014;186.81
19/03/2014;184.71
20/03/2014;187.9
21/03/2014;186.67
24/03/2014;188.25
25/03/2014;195.04
26/03/2014;192.62
27/03/2014;189.83
28/03/2014;190.45
31/03/2014;192.49
01/04/2014;194.5
02/04/2014;193.55
03/04/2014;192.69
04/04/2014;191.77
07/04/2014;194.52
08/04/2014;193.29
09/04/2014;196.64
10/04/2014;195.68
11/04/2014;195.19
14/04/2014;197.77
15/04/2014;197.02
16/04/2014;196.4
17/04/2014;190.01
21/04/2014;192.27
22/04/2014;192.15
23/04/2014;191.73
24/04/2014;190.22
25/04/2014;189.63
28/04/2014;193.14
29/04/2014;195.11
30/04/2014;196.47
01/05/2014;193.53
02/05/2014;191.44
05/05/2014;191.26
06/05/2014;190.03
07/05/2014;189.3
08/05/2014;188.91
09/05/2014;190.08
12/05/2014;192.57
13/05/2014;192.19
14/05/2014;188.72
15/05/2014;186.46
16/05/2014;187.06
19/05/2014;187
20/05/2014;184.89
21/05/2014;186.39
22/05/2014;185.68
23/05/2014;185.94
27/05/2014;184.78
28/05/2014;183.08
29/05/2014;183.76
30/05/2014;184.36
02/06/2014;185.69
03/06/2014;184.37
04/06/2014;184.51
05/06/2014;185.98
06/06/2014;186.37
09/06/2014;186.22
10/06/2014;184.29
11/06/2014;182.25
12/06/2014;181.22
13/06/2014;182.56
16/06/2014;182.35
17/06/2014;182.26
18/06/2014;183.6
19/06/2014;182.82
20/06/2014;181.55
23/06/2014;182.14
24/06/2014;180.88
25/06/2014;180.72
26/06/2014;180.37
27/06/2014;181.71
30/06/2014;181.27
01/07/2014;186.35
02/07/2014;188.39
03/07/2014;188.53
07/07/2014;188.04
08/07/2014;187.22
09/07/2014;188.42
10/07/2014;187.7
11/07/2014;188
14/07/2014;189.86
15/07/2014;188.49
16/07/2014;192.36
17/07/2014;192.49
18/07/2014;192.5
21/07/2014;190.85
22/07/2014;194.09
23/07/2014;193.63
24/07/2014;195.24
25/07/2014;194.4
28/07/2014;195.78
29/07/2014;194.57
30/07/2014;194
31/07/2014;191.67
01/08/2014;189.15
04/08/2014;189.64
05/08/2014;187.1
06/08/2014;185.97
07/08/2014;184.3
08/08/2014;186.63
11/08/2014;187.47
12/08/2014;187.34
13/08/2014;187.95
14/08/2014;187.88
15/08/2014;187.38
18/08/2014;189.36
19/08/2014;190.07
20/08/2014;190.1
21/08/2014;191.23
22/08/2014;190.41
25/08/2014;191.16
26/08/2014;192.99
27/08/2014;192.25
28/08/2014;192
29/08/2014;192.3
02/09/2014;191.56
03/09/2014;191.95
04/09/2014;190.68
05/09/2014;191.2
08/09/2014;190.14
09/09/2014;189.99
10/09/2014;191.54
11/09/2014;191.72
12/09/2014;191.28
15/09/2014;191.81
16/09/2014;192.96
17/09/2014;192.8
18/09/2014;193.75
19/09/2014;194
22/09/2014;193.11
23/09/2014;191.62
24/09/2014;192.31
25/09/2014;189.01
26/09/2014;190.06
29/09/2014;189.64
30/09/2014;189.83
01/10/2014;187.17
02/10/2014;186.91
03/10/2014;188.67
06/10/2014;189.04
07/10/2014;185.71
08/10/2014;189.36
09/10/2014;186.42
10/10/2014;185.93
13/10/2014;183.52
14/10/2014;183.8
15/10/2014;181.75
16/10/2014;179.84
17/10/2014;182.05
20/10/2014;169.1
21/10/2014;163.23
22/10/2014;161.79
23/10/2014;162.18
24/10/2014;162.08
27/10/2014;161.87
28/10/2014;163.6
29/10/2014;163.46
30/10/2014;164.35
31/10/2014;164.4
03/11/2014;164.36
04/11/2014;162.65
05/11/2014;161.82
06/11/2014;161.46
07/11/2014;162.07
10/11/2014;163.49
11/11/2014;163.3
12/11/2014;161.92
13/11/2014;162.79
14/11/2014;164.16
17/11/2014;164.16
18/11/2014;161.89
19/11/2014;161.43
20/11/2014;160.64
21/11/2014;160.92
24/11/2014;162.15
25/11/2014;161.76
26/11/2014;161.95
28/11/2014;162.17
01/12/2014;161.54
02/12/2014;162.67
03/12/2014;164.52
04/12/2014;164.05
05/12/2014;163.27
08/12/2014;161.86
09/12/2014;162.99
10/12/2014;160.51
11/12/2014;161.07
12/12/2014;155.38
15/12/2014;153.06
16/12/2014;151.41
17/12/2014;151.93
18/12/2014;157.68
19/12/2014;158.51
22/12/2014;161.44
23/12/2014;162.24
24/12/2014;161.82
26/12/2014;162.34
29/12/2014;160.51
30/12/2014;160.05
31/12/2014;160.44
02/01/2015;162.06
05/01/2015;159.51
06/01/2015;156.07
07/01/2015;155.05
08/01/2015;158.42
09/01/2015;159.11
12/01/2015;156.44
13/01/2015;156.81
14/01/2015;155.8
15/01/2015;154.57
16/01/2015;157.14
20/01/2015;156.95
21/01/2015;152.09
22/01/2015;155.39
23/01/2015;155.87
26/01/2015;156.36
27/01/2015;153.67
28/01/2015;151.55
29/01/2015;155.48
30/01/2015;153.31
02/02/2015;154.66
03/02/2015;158.47
04/02/2015;156.96
05/02/2015;157.91
06/02/2015;156.72
09/02/2015;155.75
10/02/2015;158.56
11/02/2015;158.2
12/02/2015;158.52
13/02/2015;160.4
17/02/2015;160.96
18/02/2015;162.19
19/02/2015;163.89
20/02/2015;163.65
23/02/2015;162.91
24/02/2015;164.83
25/02/2015;162.81
26/02/2015;160.87
27/02/2015;161.94
02/03/2015;160.48
03/03/2015;161.03
04/03/2015;159.42
05/03/2015;161.18
06/03/2015;158.5
09/03/2015;160.77
10/03/2015;157.81
11/03/2015;156.8
12/03/2015;157.98
13/03/2015;154.28
16/03/2015;157.08
17/03/2015;156.96
18/03/2015;159.81
19/03/2015;159.81
20/03/2015;162.88
23/03/2015;164.63
24/03/2015;163
25/03/2015;159.2
26/03/2015;160.59
27/03/2015;160.4
30/03/2015;162.67
31/03/2015;160.5
01/04/2015;159.18
02/04/2015;160.45
06/04/2015;162.04
07/04/2015;162.07
08/04/2015;161.85
09/04/2015;162.34
10/04/2015;162.86
13/04/2015;162.38
14/04/2015;162.3
15/04/2015;164.13
16/04/2015;163.13
17/04/2015;160.67
20/04/2015;166.16
21/04/2015;164.26
22/04/2015;165.36
23/04/2015;170.24
24/04/2015;169.78
27/04/2015;170.73
28/04/2015;173.92
29/04/2015;174.4
30/04/2015;171.29
01/05/2015;173.67
04/05/2015;173.97
05/05/2015;173.08
06/05/2015;170.05
07/05/2015;170.99
08/05/2015;172.68
11/05/2015;171.12
12/05/2015;170.55
13/05/2015;172.28
14/05/2015;174.05
15/05/2015;173.26
18/05/2015;173.06
19/05/2015;173.48
20/05/2015;173.76
21/05/2015;173.34
22/05/2015;172.22
26/05/2015;170.13
27/05/2015;172
28/05/2015;171.71
29/05/2015;169.65
01/06/2015;170.18
02/06/2015;169.65
03/06/2015;169.92
04/06/2015;168.38
05/06/2015;167.4
08/06/2015;165.34
09/06/2015;165.68
10/06/2015;168.92
11/06/2015;168.78
12/06/2015;166.99
15/06/2015;166.26
16/06/2015;166.84
17/06/2015;167.17
18/06/2015;168.25
19/06/2015;166.99
22/06/2015;167.73
23/06/2015;168.62
24/06/2015;166.97
25/06/2015;166.08
26/06/2015;165.46
29/06/2015;162.97
30/06/2015;162.66
01/07/2015;164.49
02/07/2015;165.09
06/07/2015;164.73
07/07/2015;165
08/07/2015;163.16
09/07/2015;163.85
10/07/2015;166.95
13/07/2015;169.38
14/07/2015;168.61
15/07/2015;168.53
16/07/2015;171
17/07/2015;172.51
20/07/2015;173.22
21/07/2015;163.07
22/07/2015;160.35
23/07/2015;161.73
24/07/2015;159.75
27/07/2015;159.07
28/07/2015;160.05
29/07/2015;161.09
30/07/2015;160.96
31/07/2015;161.99
03/08/2015;158.71
04/08/2015;157.6
05/08/2015;157.9
06/08/2015;156.32
07/08/2015;155.12
10/08/2015;156.75
11/08/2015;155.51
12/08/2015;156.16
13/08/2015;155.07
14/08/2015;155.75
17/08/2015;156.31
18/08/2015;156.01
19/08/2015;153.94
20/08/2015;152.66
21/08/2015;148.85
24/08/2015;143.47
25/08/2015;140.96
26/08/2015;146.7
27/08/2015;148.54
28/08/2015;147.98
31/08/2015;147.89
01/09/2015;142.68
02/09/2015;145.05
03/09/2015;146.78
04/09/2015;143.7
08/09/2015;147.23
09/09/2015;145.05
10/09/2015;146.2
11/09/2015;147.37
14/09/2015;145.65
15/09/2015;147.53
16/09/2015;148.41
17/09/2015;148.14
18/09/2015;144.51
21/09/2015;146.48
22/09/2015;144.43
23/09/2015;143.66
24/09/2015;144.41
25/09/2015;145.42
28/09/2015;142.52
29/09/2015;142.47
30/09/2015;144.97
01/10/2015;143.59
02/10/2015;144.58
05/10/2015;149.04
06/10/2015;148.78
07/10/2015;150.09
08/10/2015;152.28
09/10/2015;152.39
12/10/2015;151.14
13/10/2015;149.62
14/10/2015;150.01
15/10/2015;150.09
16/10/2015;150.39
19/10/2015;149.22
20/10/2015;140.64
21/10/2015;140.92
22/10/2015;144.09
23/10/2015;144.68
26/10/2015;143.66
27/10/2015;137.86
28/10/2015;140.83
29/10/2015;140.55
30/10/2015;140.08
02/11/2015;140.37
03/11/2015;141.88
04/11/2015;141.63
05/11/2015;139.89
06/11/2015;138.25
09/11/2015;135.31
10/11/2015;135.47
11/11/2015;135.02
12/11/2015;133.04
13/11/2015;131.75
16/11/2015;133.71
17/11/2015;133.82
18/11/2015;135.82
19/11/2015;136.74
20/11/2015;138.5
23/11/2015;138.46
24/11/2015;138.6
25/11/2015;138
27/11/2015;138.46
30/11/2015;139.42
01/12/2015;141.28
02/12/2015;139.7
03/12/2015;138.92
04/12/2015;140.43
07/12/2015;139.55
08/12/2015;138.05
09/12/2015;136.61
10/12/2015;136.78
11/12/2015;134.57
14/12/2015;135.93
15/12/2015;137.79
16/12/2015;139.29
17/12/2015;136.75
18/12/2015;134.9
21/12/2015;135.5
22/12/2015;137.93
23/12/2015;138.54
24/12/2015;138.25
28/12/2015;137.61
29/12/2015;139.78
30/12/2015;139.34
31/12/2015;137.62
04/01/2016;135.95
05/01/2016;135.85
06/01/2016;135.17
07/01/2016;132.86
08/01/2016;131.63
11/01/2016;133.23
12/01/2016;132.9
13/01/2016;131.17
14/01/2016;132.91
15/01/2016;130.03
19/01/2016;128.11
20/01/2016;121.86
21/01/2016;122.91
22/01/2016;122.5
25/01/2016;122.08
26/01/2016;122.59
27/01/2016;120.96
28/01/2016;122.22
29/01/2016;124.79
01/02/2016;124.83
02/02/2016;122.94
03/02/2016;124.72
04/02/2016;127.65
05/02/2016;128.57
08/02/2016;126.98
09/02/2016;124.07
10/02/2016;120.19
11/02/2016;117.85
12/02/2016;121.04
16/02/2016;122.74
17/02/2016;126.1
18/02/2016;132.45
19/02/2016;133.08
22/02/2016;133.77
23/02/2016;132.4
24/02/2016;132.8
25/02/2016;134.5
26/02/2016;132.03
29/02/2016;131.03
01/03/2016;134.37
02/03/2016;136.3
03/03/2016;137.8
04/03/2016;137.8
07/03/2016;140.15
08/03/2016;139.07
09/03/2016;140.41
10/03/2016;140.19
11/03/2016;142.36
14/03/2016;142.78
15/03/2016;142.96
16/03/2016;144.79
17/03/2016;147.04
18/03/2016;147.09
21/03/2016;148.63
22/03/2016;148.1
23/03/2016;145.4
24/03/2016;147.95
28/03/2016;148.4
29/03/2016;149.33
30/03/2016;148.41
31/03/2016;151.45
01/04/2016;152.52
04/04/2016;152.07
05/04/2016;150
06/04/2016;150.02
07/04/2016;148.25
08/04/2016;149.35
11/04/2016;149.25
12/04/2016;149.63
13/04/2016;151.23
14/04/2016;151.16
15/04/2016;151.72
18/04/2016;152.53
19/04/2016;144
20/04/2016;146.11
21/04/2016;149.3
22/04/2016;148.5
25/04/2016;148.81
26/04/2016;149.08
27/04/2016;150.47
28/04/2016;147.07
29/04/2016;145.94
02/05/2016;145.27
03/05/2016;144.13
04/05/2016;144.25
05/05/2016;146.47
06/05/2016;147.29
09/05/2016;147.34
10/05/2016;149.97
11/05/2016;148.95
12/05/2016;148.84
13/05/2016;147.72
16/05/2016;149.46
17/05/2016;148
18/05/2016;147.34
19/05/2016;144.93
20/05/2016;147.25
23/05/2016;146.77
24/05/2016;148.31
25/05/2016;151.69
26/05/2016;152.44
27/05/2016;152.84
31/05/2016;153.74
01/06/2016;152.51
02/06/2016;153.5
03/06/2016;152.89
06/06/2016;152.73
07/06/2016;153.33
08/06/2016;154
09/06/2016;153.42
10/06/2016;152.37
13/06/2016;151.28
14/06/2016;151.06
15/06/2016;150.68
16/06/2016;151.06
17/06/2016;151.99
20/06/2016;153.61
21/06/2016;154.05
22/06/2016;152.92
23/06/2016;155.35
24/06/2016;146.59
27/06/2016;143.5
28/06/2016;145.7
29/06/2016;148.46
30/06/2016;151.78
01/07/2016;152.35
05/07/2016;151.68
06/07/2016;152.37
07/07/2016;152.6
08/07/2016;154.46
11/07/2016;155.33
12/07/2016;157.04
13/07/2016;158.02
14/07/2016;160.28
15/07/2016;159.78
18/07/2016;159.86
19/07/2016;159.58
20/07/2016;161.36
21/07/2016;160.45
22/07/2016;162.07
25/07/2016;162.65
26/07/2016;162.12
27/07/2016;161.83
28/07/2016;161.37
29/07/2016;160.62
01/08/2016;161.45
02/08/2016;160.58
03/08/2016;160.67
04/08/2016;161.55
05/08/2016;163.5
08/08/2016;162.04
09/08/2016;161.77
10/08/2016;162.08
11/08/2016;163.53
12/08/2016;161.95
15/08/2016;161.88
16/08/2016;160.7
17/08/2016;160.44
18/08/2016;161.36
19/08/2016;160.04
22/08/2016;160
23/08/2016;160.26
24/08/2016;159.05
25/08/2016;158.63
26/08/2016;158.32
29/08/2016;159.72
30/08/2016;159.4
31/08/2016;158.88
01/09/2016;159.54
02/09/2016;159.55
06/09/2016;160.35
07/09/2016;161.64
08/09/2016;159
09/09/2016;155.69
12/09/2016;158.29
13/09/2016;155.81
14/09/2016;154.05
15/09/2016;155.66
16/09/2016;153.84
19/09/2016;154.87
20/09/2016;154.45
21/09/2016;155.53
22/09/2016;156.11
23/09/2016;154.98
26/09/2016;153.98
27/09/2016;156.77
28/09/2016;158.29
29/09/2016;158.11
30/09/2016;158.85
03/10/2016;157.61
04/10/2016;156.46
05/10/2016;157.08
06/10/2016;156.88
07/10/2016;155.67
10/10/2016;157.02
11/10/2016;154.79
12/10/2016;154.29
13/10/2016;153.72
14/10/2016;154.45
17/10/2016;154.77
18/10/2016;150.72
19/10/2016;151.26
20/10/2016;151.52
21/10/2016;149.63
24/10/2016;150.57
25/10/2016;150.88
26/10/2016;151.81
27/10/2016;153.35
28/10/2016;152.61
31/10/2016;153.69
01/11/2016;152.79
02/11/2016;151.95
03/11/2016;152.37
04/11/2016;152.43
07/11/2016;155.72
08/11/2016;155.17
09/11/2016;154.81
10/11/2016;160.22
11/11/2016;161.27
14/11/2016;158.21
15/11/2016;158.67
16/11/2016;159.29
17/11/2016;159.8
18/11/2016;160.39
21/11/2016;162.77
22/11/2016;162.67
23/11/2016;161.98
25/11/2016;163.14
28/11/2016;164.52
29/11/2016;163.53
30/11/2016;162.22
01/12/2016;159.82
02/12/2016;160.02
05/12/2016;159.84
06/12/2016;160.35
07/12/2016;164.79
08/12/2016;165.36
09/12/2016;166.52
12/12/2016;165.5
13/12/2016;168.29
14/12/2016;168.51
15/12/2016;168.02
16/12/2016;166.73
19/12/2016;166.68
20/12/2016;167.6
21/12/2016;167.33
22/12/2016;167.06
23/12/2016;166.71
27/12/2016;167.14
28/12/2016;166.19
29/12/2016;166.6
30/12/2016;165.99
03/01/2017;167.19
04/01/2017;169.26
05/01/2017;168.7
06/01/2017;169.53
09/01/2017;167.65
10/01/2017;165.52
11/01/2017;167.75
12/01/2017;167.95
13/01/2017;167.34
17/01/2017;167.89
18/01/2017;166.8
19/01/2017;166.81
20/01/2017;170.55
23/01/2017;171.03
24/01/2017;175.9
25/01/2017;178.29
26/01/2017;178.66
27/01/2017;177.3
30/01/2017;175.8
31/01/2017;174.52
01/02/2017;174.29
02/02/2017;174.58
03/02/2017;175.82
06/02/2017;175.86
07/02/2017;178.46
08/02/2017;176.17
09/02/2017;177.21
10/02/2017;178.68
13/02/2017;179.36
14/02/2017;180.13
15/02/2017;181.68
16/02/2017;181.43
17/02/2017;180.67
21/02/2017;180.26
22/02/2017;181.15
23/02/2017;181.65
24/02/2017;181.35
27/02/2017;179.4
28/02/2017;179.82
01/03/2017;181.95
02/03/2017;180.53
03/03/2017;180.05
06/03/2017;180.47
07/03/2017;180.38
08/03/2017;179.45
09/03/2017;177.18
10/03/2017;177.83
13/03/2017;176.46
14/03/2017;175.72
15/03/2017;175.81
16/03/2017;177.24
17/03/2017;175.65
20/03/2017;175.7
21/03/2017;173.88
22/03/2017;174.78
23/03/2017;174.82
24/03/2017;173.83
27/03/2017;173.77
28/03/2017;174.51
29/03/2017;173.94
30/03/2017;173.86
31/03/2017;174.14
03/04/2017;174.5
04/04/2017;174.52
05/04/2017;172.88
06/04/2017;172.45
07/04/2017;172.14
10/04/2017;171.2
11/04/2017;170.58
12/04/2017;170.66
13/04/2017;169.53
17/04/2017;171.1
18/04/2017;170.05
19/04/2017;161.69
20/04/2017;162.3
21/04/2017;160.38
24/04/2017;160.75
25/04/2017;160.39
26/04/2017;160.06
27/04/2017;160.32
28/04/2017;160.29
01/05/2017;158.84
02/05/2017;159.1
03/05/2017;158.63
04/05/2017;159.05
05/05/2017;155.05
08/05/2017;153.03
09/05/2017;152.11
10/05/2017;151.25
11/05/2017;150.65
12/05/2017;150.37
15/05/2017;151.51
16/05/2017;153.68
17/05/2017;150.93
18/05/2017;150.78
19/05/2017;151.98
22/05/2017;152.64
23/05/2017;152.03
24/05/2017;152.51
25/05/2017;153.2
26/05/2017;152.49
30/05/2017;151.73
31/05/2017;152.63
01/06/2017;152.67
02/06/2017;152.05
05/06/2017;152.41
06/06/2017;152.37
07/06/2017;150.98
08/06/2017;152.1
09/06/2017;154.1
12/06/2017;155.18
13/06/2017;154.25
14/06/2017;153.81
15/06/2017;154.22
16/06/2017;155.38
19/06/2017;154.84
20/06/2017;154.95
21/06/2017;153.79
22/06/2017;154.4
23/06/2017;154.11
26/06/2017;155.23
27/06/2017;154.75
28/06/2017;155.32
29/06/2017;154.13
30/06/2017;153.83
03/07/2017;155.58
05/07/2017;153.67
06/07/2017;152.36
07/07/2017;152.94
10/07/2017;153.42
11/07/2017;153.19
12/07/2017;153.7
13/07/2017;153.63
14/07/2017;154.24
17/07/2017;153.01
18/07/2017;154
19/07/2017;147.53
20/07/2017;147.66
21/07/2017;147.08
24/07/2017;145.99
25/07/2017;146.19
26/07/2017;145.36
27/07/2017;145.07
28/07/2017;144.29
31/07/2017;144.67
01/08/2017;145.3
02/08/2017;144.45
03/08/2017;144.94
04/08/2017;145.16
07/08/2017;143.47
08/08/2017;142.11
09/08/2017;141.77
10/08/2017;141.84
11/08/2017;141.84
14/08/2017;142.32
15/08/2017;142.07
16/08/2017;142.5
17/08/2017;140.7
18/08/2017;139.7
21/08/2017;140.33
22/08/2017;141.01
23/08/2017;142.14
24/08/2017;142.94
25/08/2017;143.74
28/08/2017;142.51
29/08/2017;143.14
30/08/2017;142.56
31/08/2017;143.03
01/09/2017;144.08
05/09/2017;143.04
06/09/2017;143.82
07/09/2017;142.9
08/09/2017;142.45
11/09/2017;144.86
12/09/2017;145.76
13/09/2017;145.99
14/09/2017;145.54
15/09/2017;144.82
18/09/2017;144.55
19/09/2017;144.39
20/09/2017;145.88
21/09/2017;145.26
22/09/2017;145.13
25/09/2017;145.87
26/09/2017;146.56
27/09/2017;145.66
28/09/2017;145.66
29/09/2017;145.08
02/10/2017;146.66
03/10/2017;146.78
04/10/2017;146.48
05/10/2017;146.72
06/10/2017;146.48
09/10/2017;147.39
10/10/2017;148.5
11/10/2017;148.04
12/10/2017;147.03
13/10/2017;147.1
16/10/2017;146.83
17/10/2017;146.54
18/10/2017;159.53
19/10/2017;160.9
20/10/2017;162.07
23/10/2017;159.55
24/10/2017;155.88
25/10/2017;153.5
26/10/2017;153.6
27/10/2017;153.68
30/10/2017;154.36
31/10/2017;154.06
01/11/2017;154.03
02/11/2017;153.35
03/11/2017;151.58
06/11/2017;150.84
07/11/2017;151.35
08/11/2017;151.57
09/11/2017;150.3
10/11/2017;149.16
13/11/2017;148.4
14/11/2017;148.89
15/11/2017;147.1
16/11/2017;149.12
17/11/2017;148.97
20/11/2017;150.51
21/11/2017;151.95
22/11/2017;151.77
24/11/2017;151.84
27/11/2017;151.98
28/11/2017;152.47
29/11/2017;153.55
30/11/2017;153.97
01/12/2017;154.76
04/12/2017;156.46
05/12/2017;155.35
06/12/2017;154.1
07/12/2017;153.57
08/12/2017;154.81
11/12/2017;155.41
12/12/2017;156.74
13/12/2017;153.91
14/12/2017;154
15/12/2017;152.5
18/12/2017;153.33
19/12/2017;153.23
20/12/2017;152.95
21/12/2017;151.5
22/12/2017;152.5
26/12/2017;152.83
27/12/2017;153.13
28/12/2017;154.04
29/12/2017;153.42
